,Iteration,Particle,Seed,Fitness_vals,p_best_val,g_best_val,position,velocity,g_position
0,0,1,1,"[9.3012, 4.160883, 4.11905, 9.3293, 8.36455, 3.806683, 27.780492]",inf,inf,[1846.77189538 3725.20422755 2727.80363522   89.67674742  269.408367  ],[0. 0. 0. 0. 0.],"[ 8340.44009405 14406.48986884  1000.57187409    80.23325726
    73.37794541]"
1,0,2,1,"[29.775467, 5.682742]",inf,inf,"[8.38389029e+03 1.37043900e+04 2.02226125e+03 1.37811744e+02
 1.36937966e+01]",[0. 0. 0. 0. 0.],"[ 8340.44009405 14406.48986884  1000.57187409    80.23325726
    73.37794541]"
2,0,3,1,"[11.0566, 8.398825]",inf,inf,"[13409.35020357  8346.09604734  3793.44914223    64.03869386
    99.05074454]",[0. 0. 0. 0. 0.],"[ 8340.44009405 14406.48986884  1000.57187409    80.23325726
    73.37794541]"
3,0,4,1,"[28.549083, 6.887]",inf,inf,"[16014.89137351 19365.23151439  2567.1208908    119.23226157
   438.19457615]",[0. 0. 0. 0. 0.],"[ 8340.44009405 14406.48986884  1000.57187409    80.23325726
    73.37794541]"
4,0,5,1,"[27.242608, 2.601292]",inf,inf,"[17892.13327008  1700.8842274   1195.27391616    66.98304196
   439.07125171]",[0. 0. 0. 0. 0.],"[ 8340.44009405 14406.48986884  1000.57187409    80.23325726
    73.37794541]"
5,0,6,1,"[11.875625, 8.225675]",inf,inf,[1966.93667666 8422.1525001  5789.44765075  103.3165285   345.93855698],[0. 0. 0. 0. 0.],"[ 8340.44009405 14406.48986884  1000.57187409    80.23325726
    73.37794541]"
6,0,7,1,"[8.8236, 8.11535]",inf,inf,"[ 6310.31262012 13730.01855363  5173.12835949    51.82882773
   375.07215747]",[0. 0. 0. 0. 0.],"[ 8340.44009405 14406.48986884  1000.57187409    80.23325726
    73.37794541]"
7,0,8,1,"[3.4821, 15.905908]",inf,inf,"[19777.22177813 14963.3130876   2402.21996032   128.92793285
    51.61300329]",[0. 0. 0. 0. 0.],"[ 8340.44009405 14406.48986884  1000.57187409    80.23325726
    73.37794541]"
8,0,9,1,"[5.365575, 7.802075, 10.0655, 8.739517, 8.711825, 5.151575, 3.758208]",inf,inf,"[ 8957.87052352 18171.91006186  2468.07074187    78.77753386
    65.01428606]",[0. 0. 0. 0. 0.],"[ 8340.44009405 14406.48986884  1000.57187409    80.23325726
    73.37794541]"
9,0,10,1,"[9.193875, 4.983517]",inf,inf,"[  387.33915741 13576.7106588   2058.14058       76.55466594
   245.78657964]",[0. 0. 0. 0. 0.],"[ 8340.44009405 14406.48986884  1000.57187409    80.23325726
    73.37794541]"
10,1,1,1,"[3.458358, 11.661775, 8.7931, 9.385925, 3.56875, 9.25055, 3.925342]",9.551736857142856,7.084896428571429,[3351.92996065 9703.99217316 2674.66239739   86.68167794  266.59190719],"[ 1.50515807e+03  5.97878795e+03 -5.31412378e+01 -2.99506949e+00
 -2.81645981e+00]","[ 8957.87052352 18171.91006186  2468.07074187    78.77753386
    65.01428606]"
11,1,2,1,"[8.453975, 27.704992]",17.7291045,7.084896428571429,"[ 8514.03970076 14003.80699319  2112.11704675   131.80633396
    20.42482111]",[130.14941269 299.41698526  89.8557981   -6.00540968   6.73102451],"[ 8957.87052352 18171.91006186  2468.07074187    78.77753386
    65.01428606]"
12,1,3,1,"[4.606558, 28.687383]",9.727712499999999,7.084896428571429,"[11796.15635674 11005.09325848  3609.95633168    65.22260599
    82.54433151]","[-1.61319385e+03  2.65899721e+03 -1.83492811e+02  1.18391213e+00
 -1.65064130e+01]","[ 8957.87052352 18171.91006186  2468.07074187    78.77753386
    65.01428606]"
13,1,4,1,"[7.948133, 100.0]",17.718041499999998,7.084896428571429,"[12778.19685933 19341.60799984  2540.94246817   109.94110753
   426.56075913]","[-3236.69451418   -23.62351455   -26.17842262    -9.29115403
   -11.63381702]","[ 8957.87052352 18171.91006186  2468.07074187    78.77753386
    65.01428606]"
14,1,5,1,"[5.711558, 27.759358]",14.92195,7.084896428571429,"[15616.14823318  5908.31623469  1674.50114518    67.85537458
   285.77770995]","[-2.27598504e+03  4.20743201e+03  4.79227229e+02  8.72332627e-01
 -1.53293542e+02]","[ 8957.87052352 18171.91006186  2468.07074187    78.77753386
    65.01428606]"
15,1,6,1,"[9.108158, 8.72255]",10.050650000000001,7.084896428571429,"[ 2252.00115317 12591.28032989  4359.12409265    92.56185894
   279.65311005]","[  285.06447651  4169.12782979 -1430.3235581    -10.75466955
   -66.28544692]","[ 8957.87052352 18171.91006186  2468.07074187    78.77753386
    65.01428606]"
16,1,7,1,"[4.579358, 4.637733, 5.05225, 10.543075, 9.015725, 4.537192, 4.6373]",8.469475,7.084896428571429,"[ 6683.45655494 14208.0064282   4308.41424957    62.67642079
   225.67528768]",[ 373.14393482  477.98787457 -864.71410992   10.84759306 -149.39686979],"[ 8957.87052352 18171.91006186  2468.07074187    78.77753386
    65.01428606]"
17,1,8,1,"[3.818367, 11.68565]",9.694004,7.084896428571429,"[19644.735157   16043.7437657   2432.48131228   108.19512276
    57.54655704]",[-132.48662113 1080.4306781    30.26135196  -20.73281008    5.93355375],"[ 8957.87052352 18171.91006186  2468.07074187    78.77753386
    65.01428606]"
18,1,9,1,"[7.60685, 10.5572]",7.084896428571429,7.084896428571429,"[ 8957.87052352 18171.91006186  2468.07074187    78.77753386
    65.01428606]",[0. 0. 0. 0. 0.],"[ 8957.87052352 18171.91006186  2468.07074187    78.77753386
    65.01428606]"
19,1,10,1,"[7.563425, 10.6677]",7.0886960000000006,7.084896428571429,"[ 2192.24512911 13820.07526064  2187.91625958    76.97748239
   180.23005529]","[ 1.80490597e+03  2.43364602e+02  1.29775680e+02  4.22816453e-01
 -6.55565244e+01]","[ 8957.87052352 18171.91006186  2468.07074187    78.77753386
    65.01428606]"
20,2,1,1,"[27.413792, 27.673683]",7.149114285714286,6.143233285714286,"[ 5326.0932612  16508.54137108  2785.41410858    71.92996704
   258.98743406]",[1974.16330055 6804.54919792  110.75171118  -14.7517109    -7.60447313],"[ 6683.45655494 14208.0064282   4308.41424957    62.67642079
   225.67528768]"
21,2,2,1,"[100.0, 5.487075]",17.7291045,6.143233285714286,"[ 8501.02340404 14310.7195154   2646.63414661   105.50758306
    71.14815748]",[-13.01629671 306.9125222  534.51709985 -26.2987509   50.72333637],"[ 6683.45655494 14208.0064282   4308.41424957    62.67642079
   225.67528768]"
22,2,3,1,"[100.0, 4.679683]",9.727712499999999,6.143233285714286,"[ 9823.62388577 12546.19977952  3576.3255503     65.75021043
    93.32019578]","[-1.97253247e+03  1.54110652e+03 -3.36307814e+01  5.27604448e-01
  1.07758643e+01]","[ 6683.45655494 14208.0064282   4308.41424957    62.67642079
   225.67528768]"
23,2,4,1,"[100.0, 8.263175]",17.718041499999998,6.143233285714286,"[ 7950.12995704 17794.0226475   3340.22551342    88.57054904
   370.04731497]","[-4828.06690229 -1547.58535234   799.28304525   -21.3705585
   -56.51344416]","[ 6683.45655494 14208.0064282   4308.41424957    62.67642079
   225.67528768]"
24,2,5,1,"[9.700675, 4.34225]",14.92195,6.143233285714286,"[10073.15389949 10031.92535903  3083.22169454    67.25056854
   177.01290619]","[-5.54299433e+03  4.12360912e+03  1.40872055e+03 -6.04806043e-01
 -1.08764804e+02]","[ 6683.45655494 14208.0064282   4308.41424957    62.67642079
   225.67528768]"
25,2,6,1,"[28.445775, 9.461325]",8.915354,6.143233285714286,"[ 4143.49803696 16634.29688597  3014.20384023    79.05895262
   195.08286534]","[ 1891.49688378  4043.01655608 -1344.92025242   -13.50290632
   -84.57024471]","[ 6683.45655494 14208.0064282   4308.41424957    62.67642079
   225.67528768]"
26,2,7,1,"[4.1044, 5.894975, 10.521075, 11.786825, 8.5758, 3.737383, 10.61765]",6.143233285714286,6.143233285714286,"[ 7031.72422743 14654.12844447  3501.34774698    72.80084098
    86.23820921]",[ 348.26767249  446.12201626 -807.06650259   10.12442019 -139.43707847],"[ 6683.45655494 14208.0064282   4308.41424957    62.67642079
   225.67528768]"
27,2,8,1,"[27.734575, 8.396575]",7.7520085000000005,6.143233285714286,"[16256.11577827 17036.7963779   2923.67881388    66.73155071
    87.08199381]","[-3388.61937873   993.0526122    491.1975016    -41.46357205
    29.53543678]","[ 6683.45655494 14208.0064282   4308.41424957    62.67642079
   225.67528768]"
28,2,9,1,"[8.040683, 3.396133, 10.648425, 3.788767, 3.751442, 5.222142, 3.013083]",7.084896428571429,6.143233285714286,"[ 8612.71805239 16191.88889933  2709.29081909    71.94225294
   113.66911672]","[ -345.15247112 -1980.02116253   241.22007722    -6.83528092
    48.65483067]","[ 6683.45655494 14208.0064282   4308.41424957    62.67642079
   225.67528768]"
29,2,10,1,"[8.359125, 9.842875]",7.0886960000000006,6.143233285714286,"[ 4152.78042209 14042.64402963  2791.32284666    76.29871842
   124.96802149]","[ 1.96053529e+03  2.22568769e+02  6.03406587e+02 -6.78763968e-01
 -5.52620338e+01]","[ 6683.45655494 14208.0064282   4308.41424957    62.67642079
   225.67528768]"
30,3,1,1,"[3.898758, 28.07485]",7.149114285714286,5.4086678571428575,"[ 7685.74161928 20000.          2826.61316234    63.61335939
   237.41473953]",[2359.64835808 4482.69451793   41.19905377   -8.31660764  -21.57269453],"[ 8612.71805239 16191.88889933  2709.29081909    71.94225294
   113.66911672]"
31,3,2,1,"[4.44065, 28.792242]",17.7291045,5.4086678571428575,"[ 8519.49284908 14316.68229718  2947.15005448    83.89224896
   112.03578026]",[ 18.46944503   5.96278179 300.51590787 -21.61533409  40.88762277],"[ 8612.71805239 16191.88889933  2709.29081909    71.94225294
   113.66911672]"
32,3,3,1,"[3.968858, 9.681175]",9.727712499999999,5.4086678571428575,"[ 7964.02841944 12386.1902633   3505.78637313    65.91314868
   104.85074317]","[-1.85959547e+03 -1.60009516e+02 -7.05391772e+01  1.62938242e-01
  1.15305474e+01]","[ 8612.71805239 16191.88889933  2709.29081909    71.94225294
   113.66911672]"
33,3,4,1,"[4.2728, 8.3166, 8.228675, 8.631225, 11.289625, 9.407225, 28.068458]",17.718041499999998,5.4086678571428575,"[ 4803.10173867 16336.64304852  3592.01016904    76.920619
   350.68105058]","[-3147.02821837 -1457.37959898   251.78465562   -11.64993003
   -19.36626438]","[ 8612.71805239 16191.88889933  2709.29081909    71.94225294
   113.66911672]"
34,3,5,1,"[3.741433, 28.920233]",7.0214625,5.4086678571428575,"[ 5076.19986885 14493.76488232  4285.84338662    68.46454207
    62.14204757]","[-4.99695403e+03  4.46183952e+03  1.20262169e+03  1.21397353e+00
 -1.14870859e+02]","[ 8612.71805239 16191.88889933  2709.29081909    71.94225294
   113.66911672]"
35,3,6,1,"[3.548258, 10.49335]",8.915354,5.4086678571428575,"[ 6070.98613374 20000.          2124.92401645    71.21233619
   111.52067849]",[1927.48809679 3430.73686335 -889.27982378   -7.84661643  -83.56218685],"[ 8612.71805239 16191.88889933  2709.29081909    71.94225294
   113.66911672]"
36,3,7,1,"[4.082717, 7.267575, 5.27175, 6.614792, 28.575775, 28.352042, 27.115092]",6.143233285714286,5.4086678571428575,"[ 7301.7802571  14914.96496514  2548.22494634    81.14326855
    27.62964972]",[ 270.05602967  260.83652067 -953.12280064    8.34242757  -58.60855949],"[ 8612.71805239 16191.88889933  2709.29081909    71.94225294
   113.66911672]"
37,3,8,1,"[4.079617, 100.0]",7.7520085000000005,5.4086678571428575,"[13229.71290259 17313.88774886  3199.36921623    50.
   107.99983337]","[-3026.40287568   277.09137096   275.69040235   -17.50229774
    20.91783956]","[ 8612.71805239 16191.88889933  2709.29081909    71.94225294
   113.66911672]"
38,3,9,1,"[28.361833, 9.975325]",5.4086678571428575,5.4086678571428575,"[ 8313.58591075 14475.87055847  2918.34821934    66.0183428
   155.83663663]","[ -299.13214164 -1716.01834086   209.05740025    -5.92391013
    42.16751991]","[ 8612.71805239 16191.88889933  2709.29081909    71.94225294
   113.66911672]"
39,3,10,1,"[4.311525, 21.51755]",7.0886960000000006,5.4086678571428575,"[ 7655.20355527 14605.42793537  3259.26417317    75.69142789
   115.14285288]","[ 3.50242313e+03  5.62783906e+02  4.67941327e+02 -6.07290532e-01
 -9.82516861e+00]","[ 8612.71805239 16191.88889933  2709.29081909    71.94225294
   113.66911672]"
40,4,1,1,"[10.7386, 27.401883]",7.149114285714286,5.4086678571428575,"[ 9239.77102494 18912.53620172  2790.35156878    66.20306765
   222.89195094]","[ 1554.02940566 -1087.46379828   -36.26159356     2.58970826
   -14.52278859]","[ 8612.71805239 16191.88889933  2709.29081909    71.94225294
   113.66911672]"
41,4,2,1,"[27.959975, 100.0]",16.616446,5.4086678571428575,"[ 8578.41082642 14929.81713148  3117.99296849    66.20982202
   144.78848917]",[ 58.91797734 613.1348343  170.84291401 -17.68242694  32.75270891],"[ 8612.71805239 16191.88889933  2709.29081909    71.94225294
   113.66911672]"
42,4,3,1,"[9.535725, 11.540392]",6.8250165,5.4086678571428575,"[ 6495.30106507 13476.02630474  3430.82328711    66.24972368
   114.42766251]","[-1.46872735e+03  1.08983604e+03 -7.49630860e+01  3.36575006e-01
  9.57691935e+00]","[ 8612.71805239 16191.88889933  2709.29081909    71.94225294
   113.66911672]"
43,4,4,1,"[28.495808, 4.490158]",11.173515428571429,5.4086678571428575,"[ 3855.95947696 15116.74980778  3737.46697741    65.59352489
   236.67982269]","[ -947.14226171 -1219.89324074   145.45680837   -11.32709411
  -114.0012279 ]","[ 8612.71805239 16191.88889933  2709.29081909    71.94225294
   113.66911672]"
44,4,5,1,"[100.0, 4.77825]",7.0214625,5.4086678571428575,"[ 2446.35058963 17071.29498014  4703.06800811    69.65858659
    18.67777554]","[-2.62984928e+03  2.57753010e+03  4.17224621e+02  1.19404452e+00
 -4.34642720e+01]","[ 8612.71805239 16191.88889933  2709.29081909    71.94225294
   113.66911672]"
45,4,6,1,"[10.681992, 3.028708, 10.334275, 17.918692, 12.471875, 22.919, 9.946667]",7.020804,5.4086678571428575,"[ 8229.60581034 20000.          1595.55782053    65.11696004
    44.71063182]",[2158.61967659 2028.09852775 -529.36619591   -6.09537615  -66.81004667],"[ 8612.71805239 16191.88889933  2709.29081909    71.94225294
   113.66911672]"
46,4,7,1,"[29.337342, 9.12]",6.143233285714286,5.4086678571428575,"[ 7695.75817802 15207.92059687  2549.67865642    78.29113526
    99.44101245]",[393.97792092 292.95563173   1.45371008  -2.85213329  71.81136273],"[ 8612.71805239 16191.88889933  2709.29081909    71.94225294
   113.66911672]"
47,4,8,1,"[8.343625, 10.866875, 9.94855, 9.000475, 28.439367, 4.113558, 29.648008]",7.7520085000000005,5.4086678571428575,"[11043.86212766 17037.71979703  3105.06873778    53.86409704
   113.38949013]","[-2185.85077493  -276.16795182   -94.30047845     3.86409704
     5.38965676]","[ 8612.71805239 16191.88889933  2709.29081909    71.94225294
   113.66911672]"
48,4,9,1,"[11.89195, 9.140025]",5.4086678571428575,5.4086678571428575,"[ 8199.11256047 14244.84721712  2936.5004543     64.92160779
   183.29050589]",[-114.47335029 -231.02334135   18.15223496   -1.09673501   27.45386925],"[ 8612.71805239 16191.88889933  2709.29081909    71.94225294
   113.66911672]"
49,4,10,1,"[10.377775, 9.31475]",7.0886960000000006,5.4086678571428575,"[ 8868.68856456 15372.34570956  3274.65876659    75.11962431
   133.59155501]","[ 1.21348501e+03  7.66917774e+02  1.53945934e+01 -5.71803580e-01
  1.84487021e+01]","[ 8612.71805239 16191.88889933  2709.29081909    71.94225294
   113.66911672]"
50,5,1,1,"[4.504283, 9.256825]",7.149114285714286,5.4086678571428575,"[ 7523.07823999 13248.82573702  2704.42165025    72.10769775
   208.61539344]","[-1716.69278495 -5663.71046471   -85.92991853     5.9046301
   -14.2765575 ]","[ 8612.71805239 16191.88889933  2709.29081909    71.94225294
   113.66911672]"
51,5,2,1,"[4.046525, 4.857325, 8.9053, 5.021517, 10.12305, 9.948875, 4.489683]",16.616446,5.4086678571428575,"[ 8596.52251821 15953.05925128  3042.4022576     56.07144579
   166.53523717]",[  18.11169179 1023.2421198   -75.59071089  -10.13837623   21.746748  ],"[ 8612.71805239 16191.88889933  2709.29081909    71.94225294
   113.66911672]"
52,5,3,1,"[8.3131, 7.763175]",6.8250165,5.4086678571428575,"[ 6462.27073212 14389.55634593  3250.25304705    67.89534235
   119.91448385]",[ -33.03033295  913.53004118 -180.57024006    1.64561867    5.48682134],"[ 8612.71805239 16191.88889933  2709.29081909    71.94225294
   113.66911672]"
53,5,4,1,"[9.1264, 3.986408]",11.173515428571429,5.4086678571428575,"[ 4629.99745645 14946.20081203  3708.29839867    62.14824677
   165.51126523]",[ 774.03797949 -170.54899576  -29.16857874   -3.44527812  -71.16855746],"[ 8612.71805239 16191.88889933  2709.29081909    71.94225294
   113.66911672]"
54,5,5,1,"[7.45375, 100.0]",7.0214625,5.4086678571428575,"[ 2756.86833628 16818.53129425  3629.79859668    71.35308847
    53.98730607]","[  310.51774664  -252.76368588 -1073.26941143     1.69450188
    35.30953053]","[ 8612.71805239 16191.88889933  2709.29081909    71.94225294
   113.66911672]"
55,5,6,1,"[4.118467, 6.764783]",7.020804,5.4086678571428575,"[9.70198598e+03 2.00000000e+04 1.76461628e+03 6.29617655e+01
 1.17517802e+01]",[1472.38016549  432.94976817  169.05846438   -2.15519454  -32.95885167],"[ 8612.71805239 16191.88889933  2709.29081909    71.94225294
   113.66911672]"
56,5,7,1,"[4.989042, 3.149692, 4.351017, 8.842275, 29.2644, 4.005008, 8.40365]",6.143233285714286,5.4086678571428575,"[ 7947.57076576 15699.92213829  2864.70929517    66.42990735
   173.91232704]",[251.81258774 492.00154142 315.03063875 -11.86122791  74.47131459],"[ 8612.71805239 16191.88889933  2709.29081909    71.94225294
   113.66911672]"
57,5,8,1,"[8.085233, 4.9108]",7.7520085000000005,5.4086678571428575,"[11802.62197772 16318.13495015  2805.84359707    81.91093925
    92.60504055]",[ 758.75985006 -719.58484688 -299.22514071   28.04684221  -20.78444958],"[ 8612.71805239 16191.88889933  2709.29081909    71.94225294
   113.66911672]"
58,5,9,1,"[9.082775, 5.35755]",5.4086678571428575,5.4086678571428575,"[ 8461.02433224 14503.21906489  2900.97269699    65.27864562
   174.85193143]",[261.91177178 258.37184777 -35.52775731   0.35703782  -8.43857446],"[ 8612.71805239 16191.88889933  2709.29081909    71.94225294
   113.66911672]"
59,5,10,1,"[11.082875, 4.882367]",7.0886960000000006,5.4086678571428575,"[ 8100.05280835 15500.23009561  3121.43836483    73.8453646
   184.02695812]",[-768.63575621  127.88438605 -153.22040176   -1.27425971   50.43540311],"[ 8612.71805239 16191.88889933  2709.29081909    71.94225294
   113.66911672]"
60,6,1,1,"[9.391075, 6.411775]",6.880554,5.4086678571428575,[6548.95428616 9848.57192337 2648.95148351   76.01441552  194.95858901],"[ -974.12395382 -3400.25381364   -55.47016673     3.90671777
   -13.65680443]","[ 8612.71805239 16191.88889933  2709.29081909    71.94225294
   113.66911672]"
61,6,2,1,"[27.726975, 4.38875]",6.770325,5.4086678571428575,"[ 8612.95839185 16741.22912401  2869.86228648    52.54952815
   168.21542667]",[  16.43587364  788.16987272 -172.53997112   -3.52191764    1.6801895 ],"[ 8612.71805239 16191.88889933  2709.29081909    71.94225294
   113.66911672]"
62,6,3,1,"[9.949325, 4.2537]",6.8250165,5.4086678571428575,"[ 7263.24121475 14664.32995258  3012.5816719     69.40906328
   117.3987769 ]",[ 800.97048263  274.77360666 -237.67137515    1.51372093   -2.51570695],"[ 8612.71805239 16191.88889933  2709.29081909    71.94225294
   113.66911672]"
63,6,4,1,"[5.967442, 4.025833]",6.556404000000001,5.4086678571428575,"[ 7027.26992144 15434.18208652  3193.15073138    60.05964382
    96.64156509]","[ 2.39727246e+03  4.87981274e+02 -5.15147667e+02 -2.08860294e+00
 -6.88697001e+01]","[ 8612.71805239 16191.88889933  2709.29081909    71.94225294
   113.66911672]"
64,6,5,1,"[4.209008, 3.519042, 10.618467, 28.157342, 3.408683, 4.545292, 4.685017]",7.0214625,5.4086678571428575,"[ 8068.47508704 13342.42270175  2487.88540224    71.16344265
   124.60747134]","[ 5.31160675e+03 -3.47610859e+03 -1.14191319e+03 -1.89645817e-01
  7.06201653e+01]","[ 8612.71805239 16191.88889933  2709.29081909    71.94225294
   113.66911672]"
65,6,6,1,"[16.487608, 6.598958]",5.441625,5.4086678571428575,"[10337.37346708 19610.49835321  1978.47913473    62.31349529
     0.        ]",[ 635.38749125 -389.50164679  213.86284983   -0.64827021  -18.35703443],"[ 8612.71805239 16191.88889933  2709.29081909    71.94225294
   113.66911672]"
66,6,7,1,"[27.934767, 5.367908]",6.143233285714286,5.4086678571428575,"[ 8111.16006005 16105.52473899  3097.47045703    58.32585667
   230.74181534]",[163.58929428 405.6026007  232.76116186  -8.10405068  56.8294883 ],"[ 8612.71805239 16191.88889933  2709.29081909    71.94225294
   113.66911672]"
67,6,8,1,"[6.37715, 3.898675]",6.4980165,5.4086678571428575,"[11937.1548312  15792.61547875  2583.00205745    96.68432218
    82.53683599]",[ 134.53285348 -525.5194714  -222.84153961   14.77338293  -10.06820456],"[ 8612.71805239 16191.88889933  2709.29081909    71.94225294
   113.66911672]"
68,6,9,1,"[3.57515, 6.409017]",5.4086678571428575,5.4086678571428575,"[ 8751.17568267 15604.52381874  2714.68635961    71.54569796
   141.57993294]",[ 290.15135043 1101.30475384 -186.28633738    6.26705235  -33.27199849],"[ 8612.71805239 16191.88889933  2709.29081909    71.94225294
   113.66911672]"
69,6,10,1,"[3.197817, 4.727683, 9.646758, 4.950058, 10.610925, 5.120067, 27.2698]",7.0886960000000006,5.4086678571428575,"[ 3869.00465176 15448.39744908  2709.95157085    72.90579222
   229.50036331]","[-4.23104816e+03 -5.18326465e+01 -4.11486794e+02 -9.39572378e-01
  4.54734052e+01]","[ 8612.71805239 16191.88889933  2709.29081909    71.94225294
   113.66911672]"
70,7,1,1,"[100.0, 4.928433]",6.880554,4.9920835,[6258.8276222  8868.42839248 2639.7514984    75.0503261   178.47299864],"[-2.90126664e+02 -9.80143531e+02 -9.19998511e+00 -9.64089419e-01
 -1.64855904e+01]","[ 8751.17568267 15604.52381874  2714.68635961    71.54569796
   141.57993294]"
71,7,2,1,"[3.622217, 6.510242]",6.770325,4.9920835,"[ 8658.95911982 16571.66551352  2837.74825597    53.03240883
   161.46052414]",[  46.00072798 -169.56361048  -32.11403051    0.48288068   -6.75490253],"[ 8751.17568267 15604.52381874  2714.68635961    71.54569796
   141.57993294]"
72,7,3,1,"[9.747125, 4.449658]",6.8250165,4.9920835,"[ 8161.62113055 14430.21335779  2828.3685888     70.59710707
   121.23391212]",[ 898.3799158  -234.11659479 -184.2130831     1.18804379    3.83513522],"[ 8751.17568267 15604.52381874  2714.68635961    71.54569796
   141.57993294]"
73,7,4,1,"[28.445775, 3.964583]",4.9966375,4.9920835,"[ 9167.36520699 15745.49449737  2765.10771819    59.36884249
    66.85177403]","[ 2.14009529e+03  3.11312411e+02 -4.28043013e+02 -6.90801332e-01
 -2.97897911e+01]","[ 8751.17568267 15604.52381874  2714.68635961    71.54569796
   141.57993294]"
74,7,5,1,"[100.0, 7.14675]",7.0214625,4.9920835,"[12175.19515814  9736.22988678  2003.81454426    70.62210621
   189.72645093]","[ 4.10672007e+03 -3.60619281e+03 -4.84070858e+02 -5.41336445e-01
  6.51189796e+01]","[ 8751.17568267 15604.52381874  2714.68635961    71.54569796
   141.57993294]"
75,7,6,1,"[9.18505, 28.840417]",5.441625,4.9920835,"[9.76781381e+03 1.89784215e+04 2.39261443e+03 6.52459043e+01
 5.77376566e+00]",[-569.55965888 -632.07683692  414.1352908     2.93240897    5.77376566],"[ 8751.17568267 15604.52381874  2714.68635961    71.54569796
   141.57993294]"
76,7,7,1,"[10.238575, 4.523175]",6.143233285714286,4.9920835,"[ 8006.61446173 15510.14345325  3745.573404      60.14253863
   246.61811037]",[-104.54559832 -595.38128573  648.10294696    1.81668196   15.87629503],"[ 8751.17568267 15604.52381874  2714.68635961    71.54569796
   141.57993294]"
77,7,8,1,"[27.834558, 3.035333]",5.1379125000000005,4.9920835,"[11151.3099704  15420.57063543  2491.44318537   100.11339323
   102.67953135]",[-785.84486079 -372.04484332  -91.55887208    3.42907104   20.14269536],"[ 8751.17568267 15604.52381874  2714.68635961    71.54569796
   141.57993294]"
78,7,9,1,"[2.91595, 6.793742, 10.21465, 9.013042, 32.198425, 4.519175, 7.946483]",4.9920835,4.9920835,"[ 8925.26649293 16265.30667104  2602.91455718    75.30592937
   121.61673384]",[ 174.09081026  660.78285231 -111.77180243    3.76023141  -19.9631991 ],"[ 8751.17568267 15604.52381874  2714.68635961    71.54569796
   141.57993294]"
79,7,10,1,"[4.231583, 5.163317, 8.66815, 8.62845, 3.564358, 4.012767, 19.360883]",7.0886960000000006,4.9920835,"[ 3036.71448965 14728.93067359  2233.90136458    73.6842131
   214.30159944]","[-8.32290162e+02 -7.19466775e+02 -4.76050206e+02  7.78420880e-01
 -1.51987639e+01]","[ 8751.17568267 15604.52381874  2714.68635961    71.54569796
   141.57993294]"
80,8,1,1,"[9.577725, 9.97675]",6.880554,4.9920835,[6753.19262899 8680.29828183 2677.57487923   72.89261421  164.33343101],[ 494.36500679 -188.13011066   37.82338083   -2.15771189  -14.13956763],"[ 8751.17568267 15604.52381874  2714.68635961    71.54569796
   141.57993294]"
81,8,2,1,"[9.297975, 3.593817, 4.266542, 6.015842, 6.391117, 4.47865, 9.856775]",5.0662295,4.9920835,"[ 8701.34719051 16399.97367613  2816.00526608    61.35434733
   149.22592396]",[  42.38807068 -171.69183739  -21.74298989    8.3219385   -12.23460018],"[ 8751.17568267 15604.52381874  2714.68635961    71.54569796
   141.57993294]"
82,8,3,1,"[16.234125, 5.056533]",6.8250165,4.9920835,"[ 8817.72497522 13647.66463801  3014.45542079    70.6715425
   124.62703712]","[ 6.56103845e+02 -7.82548720e+02  1.86086832e+02  7.44354310e-02
  3.39312500e+00]","[ 8751.17568267 15604.52381874  2714.68635961    71.54569796
   141.57993294]"
83,8,4,1,"[5.829558, 10.116125]",4.9966375,4.9920835,"[10087.49487426 15751.44179772  2705.46103048    62.42384007
    79.36933097]",[920.12966726   5.94730035 -59.64668771   3.05499757  12.51755694],"[ 8751.17568267 15604.52381874  2714.68635961    71.54569796
   141.57993294]"
84,8,5,1,"[8.126275, 27.784225]",7.0214625,4.9920835,"[12735.03644747 10226.74926478  2149.9804847     69.48714419
   200.15770543]",[559.84128933 490.51937799 146.16594044  -1.13496201  10.43125449],"[ 8751.17568267 15604.52381874  2714.68635961    71.54569796
   141.57993294]"
85,8,6,1,"[32.106325, 27.528258]",5.441625,4.9920835,"[ 9417.88903362 17702.05135215  2566.30021257    68.57383935
    55.24362701]","[ -349.92477458 -1276.37016414   173.68578704     3.32793508
    49.46986135]","[ 8751.17568267 15604.52381874  2714.68635961    71.54569796
   141.57993294]"
86,8,7,1,"[10.4553, 9.7887]",6.143233285714286,4.9920835,"[ 7478.72227103 14977.43970141  3747.19882932    63.11984584
   203.21435936]",[-527.8921907  -532.70375184    1.62542532    2.97730721  -43.40375101],"[ 8751.17568267 15604.52381874  2714.68635961    71.54569796
   141.57993294]"
87,8,8,1,"[27.2647, 11.567375]",5.1379125000000005,4.9920835,"[10444.08031537 15473.7452212   2572.36292504    96.37579767
   130.01297557]",[-707.22965504   53.17458578   80.91973967   -3.73759555   27.33344422],"[ 8751.17568267 15604.52381874  2714.68635961    71.54569796
   141.57993294]"
88,8,9,1,"[8.701775, 6.6531]",4.9920835,4.9920835,"[ 8951.09112642 16415.6257481   2607.93262242    74.76125157
   121.09439206]",[ 25.82463349 150.31907706   5.01806525  -0.5446778   -0.52234179],"[ 8751.17568267 15604.52381874  2714.68635961    71.54569796
   141.57993294]"
89,8,10,1,"[10.35755, 4.447675, 6.9589, 4.074675, 6.326842, 27.642383, 4.013858]",7.0886960000000006,4.9920835,"[ 3957.69352632 13958.28227662  2113.59327553    73.21657442
   190.62569546]","[ 9.20979037e+02 -7.70648397e+02 -1.20308089e+02 -4.67638684e-01
 -2.36759040e+01]","[ 8751.17568267 15604.52381874  2714.68635961    71.54569796
   141.57993294]"
90,9,1,1,"[100.0, 4.614717]",6.880554,4.9920835,"[ 7064.9087541  12905.13463373  2720.79465918    71.2097697
   168.25857198]","[ 3.11716125e+02  4.22483635e+03  4.32197799e+01 -1.68284451e+00
  3.92514097e+00]","[ 8751.17568267 15604.52381874  2714.68635961    71.54569796
   141.57993294]"
91,9,2,1,"[29.111317, 4.5002]",5.0662295,4.9920835,"[ 8710.41953425 16340.68338946  2779.17578683    66.946207
   146.03151526]",[  9.07234375 -59.29028667 -36.82947925   5.59185967  -3.19440869],"[ 8751.17568267 15604.52381874  2714.68635961    71.54569796
   141.57993294]"
92,9,3,1,"[4.5951, 4.132525]",6.8250165,4.9920835,"[ 9062.52922411 13432.76769678  3151.95713331    70.19704642
   123.66376187]",[ 244.80424889 -214.89694124  137.50171252   -0.47449607   -0.96327525],"[ 8751.17568267 15604.52381874  2714.68635961    71.54569796
   141.57993294]"
93,9,4,1,"[100.0, 8.1616]",4.9966375,4.9920835,"[ 8789.50801585 15603.41980365  2849.86682716    63.62883856
   100.69311145]","[-1.29798686e+03 -1.48021994e+02  1.44405797e+02  1.20499849e+00
  2.13237805e+01]","[ 8751.17568267 15604.52381874  2714.68635961    71.54569796
   141.57993294]"
94,9,5,1,"[3.683175, 4.162608, 9.93005, 14.132242, 7.7687, 7.293958, 4.521925]",7.0214625,4.9920835,"[11463.71785439 12743.25947025  2703.66375628    69.05661169
   180.93702301]","[-1.27131859e+03  2.51651021e+03  5.53683272e+02 -4.30532501e-01
 -1.92206824e+01]","[ 8751.17568267 15604.52381874  2714.68635961    71.54569796
   141.57993294]"
95,9,6,1,"[9.33935, 17.346775]",5.441625,4.9920835,"[ 9311.42916007 16894.41638181  2568.14910016    68.95998667
    74.59548061]","[-1.06459874e+02 -8.07634970e+02  1.84888759e+00  3.86147323e-01
  1.93518536e+01]","[ 8751.17568267 15604.52381874  2714.68635961    71.54569796
   141.57993294]"
96,9,7,1,"[5.131917, 4.63355]",6.143233285714286,4.9920835,"[ 7572.70051283 14751.4209858   3361.73295371    68.10358964
   178.82049635]",[  93.9782418  -226.01871561 -385.46587561    4.9837438   -24.39386301],"[ 8751.17568267 15604.52381874  2714.68635961    71.54569796
   141.57993294]"
97,9,8,1,"[4.467642, 4.069775]",5.1379125000000005,4.9920835,"[ 9297.57639401 15640.63247657  2644.74313308    86.89299234
   132.96855243]","[-1146.50392136   166.88725537    72.38020804    -9.48280534
     2.95557686]","[ 8751.17568267 15604.52381874  2714.68635961    71.54569796
   141.57993294]"
98,9,9,1,"[4.263617, 4.122458, 10.0927, 3.612858, 8.191975, 28.251375, 3.589958]",4.9920835,4.9920835,"[ 8929.31086159 15848.71522692  2683.15558999    72.11769171
   131.59633719]",[ -21.78026483 -566.91052118   75.22296757   -2.64355986   10.50194514],"[ 8751.17568267 15604.52381874  2714.68635961    71.54569796
   141.57993294]"
99,9,10,1,"[10.104225, 3.64415]",7.0886960000000006,4.9920835,"[ 4300.77945665 13786.50682952  2295.66680417    73.72919432
   191.38408984]",[ 343.08593033 -171.7754471   182.07352864    0.51261989    0.75839438],"[ 8751.17568267 15604.52381874  2714.68635961    71.54569796
   141.57993294]"
